[{"model": "admin.logentry", "pk": 1, "fields": {"action_time": "2021-05-19T13:33:34.419Z", "user": 1, "content_type": 26, "object_id": "2", "object_repr": "Sushek Tamrakar", "action_flag": 1, "change_message": "[{\"added\": {}}]"}}, {"model": "admin.logentry", "pk": 2, "fields": {"action_time": "2021-05-19T13:34:04.491Z", "user": 1, "content_type": 26, "object_id": "3", "object_repr": "Sushek Tamrakar", "action_flag": 1, "change_message": "[{\"added\": {}}]"}}, {"model": "admin.logentry", "pk": 3, "fields": {"action_time": "2021-05-19T13:34:16.519Z", "user": 1, "content_type": 26, "object_id": "4", "object_repr": "Sushek Tamrakar", "action_flag": 1, "change_message": "[{\"added\": {}}]"}}, {"model": "admin.logentry", "pk": 4, "fields": {"action_time": "2021-05-19T13:34:48.863Z", "user": 1, "content_type": 26, "object_id": "1", "object_repr": "Sushek Tamrakar", "action_flag": 2, "change_message": "[{\"changed\": {\"fields\": [\"Week created\"]}}]"}}, {"model": "admin.logentry", "pk": 5, "fields": {"action_time": "2021-05-21T10:00:49.079Z", "user": 1, "content_type": 28, "object_id": "1", "object_repr": "TU Registration", "action_flag": 3, "change_message": ""}}, {"model": "admin.logentry", "pk": 6, "fields": {"action_time": "2021-05-21T10:01:09.485Z", "user": 1, "content_type": 27, "object_id": "1", "object_repr": "ContactUs object (1)", "action_flag": 3, "change_message": ""}}, {"model": "admin.logentry", "pk": 7, "fields": {"action_time": "2021-05-21T13:01:10.145Z", "user": 1, "content_type": 6, "object_id": "4", "object_repr": "john evans", "action_flag": 3, "change_message": ""}}, {"model": "admin.logentry", "pk": 8, "fields": {"action_time": "2021-05-21T13:04:02.515Z", "user": 1, "content_type": 13, "object_id": "1", "object_repr": "Machine Learning", "action_flag": 1, "change_message": "[{\"added\": {}}]"}}, {"model": "admin.logentry", "pk": 9, "fields": {"action_time": "2021-05-21T13:04:13.415Z", "user": 1, "content_type": 13, "object_id": "2", "object_repr": "Managements", "action_flag": 1, "change_message": "[{\"added\": {}}]"}}, {"model": "admin.logentry", "pk": 10, "fields": {"action_time": "2021-05-22T13:20:52.463Z", "user": 1, "content_type": 27, "object_id": "2", "object_repr": "ContactUs object (2)", "action_flag": 2, "change_message": "[{\"changed\": {\"fields\": [\"Reply\"]}}]"}}, {"model": "admin.logentry", "pk": 11, "fields": {"action_time": "2021-05-22T13:41:45.431Z", "user": 1, "content_type": 27, "object_id": "2", "object_repr": "ContactUs object (2)", "action_flag": 2, "change_message": "[{\"changed\": {\"fields\": [\"Reply\"]}}]"}}, {"model": "admin.logentry", "pk": 12, "fields": {"action_time": "2021-05-22T14:03:59.684Z", "user": 1, "content_type": 27, "object_id": "4", "object_repr": "ContactUs object (4)", "action_flag": 3, "change_message": ""}}, {"model": "admin.logentry", "pk": 13, "fields": {"action_time": "2021-05-22T14:11:46.685Z", "user": 1, "content_type": 27, "object_id": "5", "object_repr": "ContactUs object (5)", "action_flag": 3, "change_message": ""}}, {"model": "auth.permission", "pk": 1, "fields": {"name": "Can add log entry", "content_type": 1, "codename": "add_logentry"}}, {"model": "auth.permission", "pk": 2, "fields": {"name": "Can change log entry", "content_type": 1, "codename": "change_logentry"}}, {"model": "auth.permission", "pk": 3, "fields": {"name": "Can delete log entry", "content_type": 1, "codename": "delete_logentry"}}, {"model": "auth.permission", "pk": 4, "fields": {"name": "Can view log entry", "content_type": 1, "codename": "view_logentry"}}, {"model": "auth.permission", "pk": 5, "fields": {"name": "Can add permission", "content_type": 2, "codename": "add_permission"}}, {"model": "auth.permission", "pk": 6, "fields": {"name": "Can change permission", "content_type": 2, "codename": "change_permission"}}, {"model": "auth.permission", "pk": 7, "fields": {"name": "Can delete permission", "content_type": 2, "codename": "delete_permission"}}, {"model": "auth.permission", "pk": 8, "fields": {"name": "Can view permission", "content_type": 2, "codename": "view_permission"}}, {"model": "auth.permission", "pk": 9, "fields": {"name": "Can add group", "content_type": 3, "codename": "add_group"}}, {"model": "auth.permission", "pk": 10, "fields": {"name": "Can change group", "content_type": 3, "codename": "change_group"}}, {"model": "auth.permission", "pk": 11, "fields": {"name": "Can delete group", "content_type": 3, "codename": "delete_group"}}, {"model": "auth.permission", "pk": 12, "fields": {"name": "Can view group", "content_type": 3, "codename": "view_group"}}, {"model": "auth.permission", "pk": 13, "fields": {"name": "Can add content type", "content_type": 4, "codename": "add_contenttype"}}, {"model": "auth.permission", "pk": 14, "fields": {"name": "Can change content type", "content_type": 4, "codename": "change_contenttype"}}, {"model": "auth.permission", "pk": 15, "fields": {"name": "Can delete content type", "content_type": 4, "codename": "delete_contenttype"}}, {"model": "auth.permission", "pk": 16, "fields": {"name": "Can view content type", "content_type": 4, "codename": "view_contenttype"}}, {"model": "auth.permission", "pk": 17, "fields": {"name": "Can add session", "content_type": 5, "codename": "add_session"}}, {"model": "auth.permission", "pk": 18, "fields": {"name": "Can change session", "content_type": 5, "codename": "change_session"}}, {"model": "auth.permission", "pk": 19, "fields": {"name": "Can delete session", "content_type": 5, "codename": "delete_session"}}, {"model": "auth.permission", "pk": 20, "fields": {"name": "Can view session", "content_type": 5, "codename": "view_session"}}, {"model": "auth.permission", "pk": 21, "fields": {"name": "Can add account", "content_type": 6, "codename": "add_account"}}, {"model": "auth.permission", "pk": 22, "fields": {"name": "Can change account", "content_type": 6, "codename": "change_account"}}, {"model": "auth.permission", "pk": 23, "fields": {"name": "Can delete account", "content_type": 6, "codename": "delete_account"}}, {"model": "auth.permission", "pk": 24, "fields": {"name": "Can view account", "content_type": 6, "codename": "view_account"}}, {"model": "auth.permission", "pk": 25, "fields": {"name": "Can add batch", "content_type": 7, "codename": "add_batch"}}, {"model": "auth.permission", "pk": 26, "fields": {"name": "Can change batch", "content_type": 7, "codename": "change_batch"}}, {"model": "auth.permission", "pk": 27, "fields": {"name": "Can delete batch", "content_type": 7, "codename": "delete_batch"}}, {"model": "auth.permission", "pk": 28, "fields": {"name": "Can view batch", "content_type": 7, "codename": "view_batch"}}, {"model": "auth.permission", "pk": 29, "fields": {"name": "Can add faculty", "content_type": 8, "codename": "add_faculty"}}, {"model": "auth.permission", "pk": 30, "fields": {"name": "Can change faculty", "content_type": 8, "codename": "change_faculty"}}, {"model": "auth.permission", "pk": 31, "fields": {"name": "Can delete faculty", "content_type": 8, "codename": "delete_faculty"}}, {"model": "auth.permission", "pk": 32, "fields": {"name": "Can view faculty", "content_type": 8, "codename": "view_faculty"}}, {"model": "auth.permission", "pk": 33, "fields": {"name": "Can add student", "content_type": 9, "codename": "add_student"}}, {"model": "auth.permission", "pk": 34, "fields": {"name": "Can change student", "content_type": 9, "codename": "change_student"}}, {"model": "auth.permission", "pk": 35, "fields": {"name": "Can delete student", "content_type": 9, "codename": "delete_student"}}, {"model": "auth.permission", "pk": 36, "fields": {"name": "Can view student", "content_type": 9, "codename": "view_student"}}, {"model": "auth.permission", "pk": 37, "fields": {"name": "Can add session", "content_type": 10, "codename": "add_session"}}, {"model": "auth.permission", "pk": 38, "fields": {"name": "Can change session", "content_type": 10, "codename": "change_session"}}, {"model": "auth.permission", "pk": 39, "fields": {"name": "Can delete session", "content_type": 10, "codename": "delete_session"}}, {"model": "auth.permission", "pk": 40, "fields": {"name": "Can view session", "content_type": 10, "codename": "view_session"}}, {"model": "auth.permission", "pk": 41, "fields": {"name": "Can add course", "content_type": 11, "codename": "add_course"}}, {"model": "auth.permission", "pk": 42, "fields": {"name": "Can change course", "content_type": 11, "codename": "change_course"}}, {"model": "auth.permission", "pk": 43, "fields": {"name": "Can delete course", "content_type": 11, "codename": "delete_course"}}, {"model": "auth.permission", "pk": 44, "fields": {"name": "Can view course", "content_type": 11, "codename": "view_course"}}, {"model": "auth.permission", "pk": 45, "fields": {"name": "Can add group", "content_type": 12, "codename": "add_group"}}, {"model": "auth.permission", "pk": 46, "fields": {"name": "Can change group", "content_type": 12, "codename": "change_group"}}, {"model": "auth.permission", "pk": 47, "fields": {"name": "Can delete group", "content_type": 12, "codename": "delete_group"}}, {"model": "auth.permission", "pk": 48, "fields": {"name": "Can view group", "content_type": 12, "codename": "view_group"}}, {"model": "auth.permission", "pk": 49, "fields": {"name": "Can add course color", "content_type": 13, "codename": "add_coursecolor"}}, {"model": "auth.permission", "pk": 50, "fields": {"name": "Can change course color", "content_type": 13, "codename": "change_coursecolor"}}, {"model": "auth.permission", "pk": 51, "fields": {"name": "Can delete course color", "content_type": 13, "codename": "delete_coursecolor"}}, {"model": "auth.permission", "pk": 52, "fields": {"name": "Can view course color", "content_type": 13, "codename": "view_coursecolor"}}, {"model": "auth.permission", "pk": 53, "fields": {"name": "Can add teacher", "content_type": 14, "codename": "add_teacher"}}, {"model": "auth.permission", "pk": 54, "fields": {"name": "Can change teacher", "content_type": 14, "codename": "change_teacher"}}, {"model": "auth.permission", "pk": 55, "fields": {"name": "Can delete teacher", "content_type": 14, "codename": "delete_teacher"}}, {"model": "auth.permission", "pk": 56, "fields": {"name": "Can view teacher", "content_type": 14, "codename": "view_teacher"}}, {"model": "auth.permission", "pk": 57, "fields": {"name": "Can add permission attendance", "content_type": 15, "codename": "add_permissionattendance"}}, {"model": "auth.permission", "pk": 58, "fields": {"name": "Can change permission attendance", "content_type": 15, "codename": "change_permissionattendance"}}, {"model": "auth.permission", "pk": 59, "fields": {"name": "Can delete permission attendance", "content_type": 15, "codename": "delete_permissionattendance"}}, {"model": "auth.permission", "pk": 60, "fields": {"name": "Can view permission attendance", "content_type": 15, "codename": "view_permissionattendance"}}, {"model": "auth.permission", "pk": 61, "fields": {"name": "Can add attendance", "content_type": 16, "codename": "add_attendance"}}, {"model": "auth.permission", "pk": 62, "fields": {"name": "Can change attendance", "content_type": 16, "codename": "change_attendance"}}, {"model": "auth.permission", "pk": 63, "fields": {"name": "Can delete attendance", "content_type": 16, "codename": "delete_attendance"}}, {"model": "auth.permission", "pk": 64, "fields": {"name": "Can view attendance", "content_type": 16, "codename": "view_attendance"}}, {"model": "auth.permission", "pk": 65, "fields": {"name": "Can add lab_ attendance", "content_type": 17, "codename": "add_lab_attendance"}}, {"model": "auth.permission", "pk": 66, "fields": {"name": "Can change lab_ attendance", "content_type": 17, "codename": "change_lab_attendance"}}, {"model": "auth.permission", "pk": 67, "fields": {"name": "Can delete lab_ attendance", "content_type": 17, "codename": "delete_lab_attendance"}}, {"model": "auth.permission", "pk": 68, "fields": {"name": "Can view lab_ attendance", "content_type": 17, "codename": "view_lab_attendance"}}, {"model": "auth.permission", "pk": 69, "fields": {"name": "Can add staff", "content_type": 18, "codename": "add_staff"}}, {"model": "auth.permission", "pk": 70, "fields": {"name": "Can change staff", "content_type": 18, "codename": "change_staff"}}, {"model": "auth.permission", "pk": 71, "fields": {"name": "Can delete staff", "content_type": 18, "codename": "delete_staff"}}, {"model": "auth.permission", "pk": 72, "fields": {"name": "Can view staff", "content_type": 18, "codename": "view_staff"}}, {"model": "auth.permission", "pk": 73, "fields": {"name": "Can add assignment top view", "content_type": 19, "codename": "add_assignmenttopview"}}, {"model": "auth.permission", "pk": 74, "fields": {"name": "Can change assignment top view", "content_type": 19, "codename": "change_assignmenttopview"}}, {"model": "auth.permission", "pk": 75, "fields": {"name": "Can delete assignment top view", "content_type": 19, "codename": "delete_assignmenttopview"}}, {"model": "auth.permission", "pk": 76, "fields": {"name": "Can view assignment top view", "content_type": 19, "codename": "view_assignmenttopview"}}, {"model": "auth.permission", "pk": 77, "fields": {"name": "Can add assignment", "content_type": 20, "codename": "add_assignment"}}, {"model": "auth.permission", "pk": 78, "fields": {"name": "Can change assignment", "content_type": 20, "codename": "change_assignment"}}, {"model": "auth.permission", "pk": 79, "fields": {"name": "Can delete assignment", "content_type": 20, "codename": "delete_assignment"}}, {"model": "auth.permission", "pk": 80, "fields": {"name": "Can view assignment", "content_type": 20, "codename": "view_assignment"}}, {"model": "auth.permission", "pk": 81, "fields": {"name": "Can add lab assignment top view", "content_type": 21, "codename": "add_labassignmenttopview"}}, {"model": "auth.permission", "pk": 82, "fields": {"name": "Can change lab assignment top view", "content_type": 21, "codename": "change_labassignmenttopview"}}, {"model": "auth.permission", "pk": 83, "fields": {"name": "Can delete lab assignment top view", "content_type": 21, "codename": "delete_labassignmenttopview"}}, {"model": "auth.permission", "pk": 84, "fields": {"name": "Can view lab assignment top view", "content_type": 21, "codename": "view_labassignmenttopview"}}, {"model": "auth.permission", "pk": 85, "fields": {"name": "Can add lab assignment", "content_type": 22, "codename": "add_labassignment"}}, {"model": "auth.permission", "pk": 86, "fields": {"name": "Can change lab assignment", "content_type": 22, "codename": "change_labassignment"}}, {"model": "auth.permission", "pk": 87, "fields": {"name": "Can delete lab assignment", "content_type": 22, "codename": "delete_labassignment"}}, {"model": "auth.permission", "pk": 88, "fields": {"name": "Can view lab assignment", "content_type": 22, "codename": "view_labassignment"}}, {"model": "auth.permission", "pk": 89, "fields": {"name": "Can add assessment top view", "content_type": 23, "codename": "add_assessmenttopview"}}, {"model": "auth.permission", "pk": 90, "fields": {"name": "Can change assessment top view", "content_type": 23, "codename": "change_assessmenttopview"}}, {"model": "auth.permission", "pk": 91, "fields": {"name": "Can delete assessment top view", "content_type": 23, "codename": "delete_assessmenttopview"}}, {"model": "auth.permission", "pk": 92, "fields": {"name": "Can view assessment top view", "content_type": 23, "codename": "view_assessmenttopview"}}, {"model": "auth.permission", "pk": 93, "fields": {"name": "Can add assesment", "content_type": 24, "codename": "add_assesment"}}, {"model": "auth.permission", "pk": 94, "fields": {"name": "Can change assesment", "content_type": 24, "codename": "change_assesment"}}, {"model": "auth.permission", "pk": 95, "fields": {"name": "Can delete assesment", "content_type": 24, "codename": "delete_assesment"}}, {"model": "auth.permission", "pk": 96, "fields": {"name": "Can view assesment", "content_type": 24, "codename": "view_assesment"}}, {"model": "auth.permission", "pk": 97, "fields": {"name": "Can add internal maks", "content_type": 25, "codename": "add_internalmaks"}}, {"model": "auth.permission", "pk": 98, "fields": {"name": "Can change internal maks", "content_type": 25, "codename": "change_internalmaks"}}, {"model": "auth.permission", "pk": 99, "fields": {"name": "Can delete internal maks", "content_type": 25, "codename": "delete_internalmaks"}}, {"model": "auth.permission", "pk": 100, "fields": {"name": "Can view internal maks", "content_type": 25, "codename": "view_internalmaks"}}, {"model": "auth.permission", "pk": 101, "fields": {"name": "Can add weekly internal maks", "content_type": 26, "codename": "add_weeklyinternalmaks"}}, {"model": "auth.permission", "pk": 102, "fields": {"name": "Can change weekly internal maks", "content_type": 26, "codename": "change_weeklyinternalmaks"}}, {"model": "auth.permission", "pk": 103, "fields": {"name": "Can delete weekly internal maks", "content_type": 26, "codename": "delete_weeklyinternalmaks"}}, {"model": "auth.permission", "pk": 104, "fields": {"name": "Can view weekly internal maks", "content_type": 26, "codename": "view_weeklyinternalmaks"}}, {"model": "auth.permission", "pk": 105, "fields": {"name": "Can add contact us", "content_type": 27, "codename": "add_contactus"}}, {"model": "auth.permission", "pk": 106, "fields": {"name": "Can change contact us", "content_type": 27, "codename": "change_contactus"}}, {"model": "auth.permission", "pk": 107, "fields": {"name": "Can delete contact us", "content_type": 27, "codename": "delete_contactus"}}, {"model": "auth.permission", "pk": 108, "fields": {"name": "Can view contact us", "content_type": 27, "codename": "view_contactus"}}, {"model": "auth.permission", "pk": 109, "fields": {"name": "Can add payment info", "content_type": 28, "codename": "add_paymentinfo"}}, {"model": "auth.permission", "pk": 110, "fields": {"name": "Can change payment info", "content_type": 28, "codename": "change_paymentinfo"}}, {"model": "auth.permission", "pk": 111, "fields": {"name": "Can delete payment info", "content_type": 28, "codename": "delete_paymentinfo"}}, {"model": "auth.permission", "pk": 112, "fields": {"name": "Can view payment info", "content_type": 28, "codename": "view_paymentinfo"}}, {"model": "auth.permission", "pk": 113, "fields": {"name": "Can add payment", "content_type": 29, "codename": "add_payment"}}, {"model": "auth.permission", "pk": 114, "fields": {"name": "Can change payment", "content_type": 29, "codename": "change_payment"}}, {"model": "auth.permission", "pk": 115, "fields": {"name": "Can delete payment", "content_type": 29, "codename": "delete_payment"}}, {"model": "auth.permission", "pk": 116, "fields": {"name": "Can view payment", "content_type": 29, "codename": "view_payment"}}, {"model": "auth.permission", "pk": 117, "fields": {"name": "Can add event", "content_type": 30, "codename": "add_event"}}, {"model": "auth.permission", "pk": 118, "fields": {"name": "Can change event", "content_type": 30, "codename": "change_event"}}, {"model": "auth.permission", "pk": 119, "fields": {"name": "Can delete event", "content_type": 30, "codename": "delete_event"}}, {"model": "auth.permission", "pk": 120, "fields": {"name": "Can view event", "content_type": 30, "codename": "view_event"}}, {"model": "auth.permission", "pk": 121, "fields": {"name": "Can add event member", "content_type": 31, "codename": "add_eventmember"}}, {"model": "auth.permission", "pk": 122, "fields": {"name": "Can change event member", "content_type": 31, "codename": "change_eventmember"}}, {"model": "auth.permission", "pk": 123, "fields": {"name": "Can delete event member", "content_type": 31, "codename": "delete_eventmember"}}, {"model": "auth.permission", "pk": 124, "fields": {"name": "Can view event member", "content_type": 31, "codename": "view_eventmember"}}, {"model": "auth.permission", "pk": 125, "fields": {"name": "Can add notice board", "content_type": 32, "codename": "add_noticeboard"}}, {"model": "auth.permission", "pk": 126, "fields": {"name": "Can change notice board", "content_type": 32, "codename": "change_noticeboard"}}, {"model": "auth.permission", "pk": 127, "fields": {"name": "Can delete notice board", "content_type": 32, "codename": "delete_noticeboard"}}, {"model": "auth.permission", "pk": 128, "fields": {"name": "Can view notice board", "content_type": 32, "codename": "view_noticeboard"}}, {"model": "auth.permission", "pk": 129, "fields": {"name": "Can add total marks", "content_type": 33, "codename": "add_totalmarks"}}, {"model": "auth.permission", "pk": 130, "fields": {"name": "Can change total marks", "content_type": 33, "codename": "change_totalmarks"}}, {"model": "auth.permission", "pk": 131, "fields": {"name": "Can delete total marks", "content_type": 33, "codename": "delete_totalmarks"}}, {"model": "auth.permission", "pk": 132, "fields": {"name": "Can view total marks", "content_type": 33, "codename": "view_totalmarks"}}, {"model": "contenttypes.contenttype", "pk": 1, "fields": {"app_label": "admin", "model": "logentry"}}, {"model": "contenttypes.contenttype", "pk": 2, "fields": {"app_label": "auth", "model": "permission"}}, {"model": "contenttypes.contenttype", "pk": 3, "fields": {"app_label": "auth", "model": "group"}}, {"model": "contenttypes.contenttype", "pk": 4, "fields": {"app_label": "contenttypes", "model": "contenttype"}}, {"model": "contenttypes.contenttype", "pk": 5, "fields": {"app_label": "sessions", "model": "session"}}, {"model": "contenttypes.contenttype", "pk": 6, "fields": {"app_label": "Accounts", "model": "account"}}, {"model": "contenttypes.contenttype", "pk": 7, "fields": {"app_label": "student", "model": "batch"}}, {"model": "contenttypes.contenttype", "pk": 8, "fields": {"app_label": "student", "model": "faculty"}}, {"model": "contenttypes.contenttype", "pk": 9, "fields": {"app_label": "student", "model": "student"}}, {"model": "contenttypes.contenttype", "pk": 10, "fields": {"app_label": "student", "model": "session"}}, {"model": "contenttypes.contenttype", "pk": 11, "fields": {"app_label": "student", "model": "course"}}, {"model": "contenttypes.contenttype", "pk": 12, "fields": {"app_label": "student", "model": "group"}}, {"model": "contenttypes.contenttype", "pk": 13, "fields": {"app_label": "student", "model": "coursecolor"}}, {"model": "contenttypes.contenttype", "pk": 14, "fields": {"app_label": "teacher", "model": "teacher"}}, {"model": "contenttypes.contenttype", "pk": 15, "fields": {"app_label": "attendance", "model": "permissionattendance"}}, {"model": "contenttypes.contenttype", "pk": 16, "fields": {"app_label": "attendance", "model": "attendance"}}, {"model": "contenttypes.contenttype", "pk": 17, "fields": {"app_label": "attendance", "model": "lab_attendance"}}, {"model": "contenttypes.contenttype", "pk": 18, "fields": {"app_label": "staff", "model": "staff"}}, {"model": "contenttypes.contenttype", "pk": 19, "fields": {"app_label": "assignments", "model": "assignmenttopview"}}, {"model": "contenttypes.contenttype", "pk": 20, "fields": {"app_label": "assignments", "model": "assignment"}}, {"model": "contenttypes.contenttype", "pk": 21, "fields": {"app_label": "assignments", "model": "labassignmenttopview"}}, {"model": "contenttypes.contenttype", "pk": 22, "fields": {"app_label": "assignments", "model": "labassignment"}}, {"model": "contenttypes.contenttype", "pk": 23, "fields": {"app_label": "assessment", "model": "assessmenttopview"}}, {"model": "contenttypes.contenttype", "pk": 24, "fields": {"app_label": "assessment", "model": "assesment"}}, {"model": "contenttypes.contenttype", "pk": 25, "fields": {"app_label": "InternalMarksPrediction", "model": "internalmaks"}}, {"model": "contenttypes.contenttype", "pk": 26, "fields": {"app_label": "InternalMarksPrediction", "model": "weeklyinternalmaks"}}, {"model": "contenttypes.contenttype", "pk": 27, "fields": {"app_label": "mail", "model": "contactus"}}, {"model": "contenttypes.contenttype", "pk": 28, "fields": {"app_label": "payments", "model": "paymentinfo"}}, {"model": "contenttypes.contenttype", "pk": 29, "fields": {"app_label": "payments", "model": "payment"}}, {"model": "contenttypes.contenttype", "pk": 30, "fields": {"app_label": "collegecalendar", "model": "event"}}, {"model": "contenttypes.contenttype", "pk": 31, "fields": {"app_label": "collegecalendar", "model": "eventmember"}}, {"model": "contenttypes.contenttype", "pk": 32, "fields": {"app_label": "notices", "model": "noticeboard"}}, {"model": "contenttypes.contenttype", "pk": 33, "fields": {"app_label": "InternalMarksPrediction", "model": "totalmarks"}}, {"model": "sessions.session", "pk": "09eg82jaek6k8hpfd2yt4otq1l89ljzm", "fields": {"session_data": ".eJxVjEEOwiAQRe_C2pChiFCX7j0DmWEGqRpISrsy3l2bdKHb_977LxVxXUpcu8xxYnVWVh1-N8L0kLoBvmO9NZ1aXeaJ9KbonXZ9bSzPy-7-HRTs5VsjgDOOWFjAj4DJeBzAWDH5RNlL8NaNZjgG75HQUuAR0oCZTLIMltX7A-PLOBM:1ll1vF:89TNBtoHWZhCYYz-F7S-orQmuDKBqhRImNMBTngMMjg", "expire_date": "2021-06-07T04:10:33.572Z"}}, {"model": "sessions.session", "pk": "6l2q4hpz8lygemhm90748kj0mxbz3l7n", "fields": {"session_data": ".eJxVjEsOwiAUAO_C2hBeoXxcuu8ZCO8BUjWQlHZlvLsh6UK3M5N5Mx-Ovfijp82vkV0ZsMsvw0DPVIeIj1DvjVOr-7YiHwk_bedLi-l1O9u_QQm9jG2koDBrSCEJ5zJMIsmsZrJkFE3GoKWYBc6SsnUaLaBFkUkZUEBSs88XA_s4YA:1lmZ69:8Mi3vPP6szZ3u6Y0sSmlYUiG3ZR18JuxyeVaxMx1riE", "expire_date": "2021-06-11T09:48:09.941Z"}}, {"model": "sessions.session", "pk": "a3o22onbposeq61o1009rh6lq676d8uc", "fields": {"session_data": ".eJxVjEEOwiAQRe_C2pChiFCX7j0DmWEGqRpISrsy3l2bdKHb_977LxVxXUpcu8xxYnVWVh1-N8L0kLoBvmO9NZ1aXeaJ9KbonXZ9bSzPy-7-HRTs5VsjgDOOWFjAj4DJeBzAWDH5RNlL8NaNZjgG75HQUuAR0oCZTLIMltX7A-PLOBM:1lkQtH:LFJBbRBwzBSAn9w5n1VdZJzDADrqIR9Y96shZW_HR9E", "expire_date": "2021-06-05T12:38:03.703Z"}}, {"model": "sessions.session", "pk": "k6feo65s8kf6o4jarp5iw1mwwqp079fw", "fields": {"session_data": ".eJxVjEsOwiAUAO_C2hBeoXxcuu8ZCO8BUjWQlHZlvLsh6UK3M5N5Mx-Ovfijp82vkV0ZsMsvw0DPVIeIj1DvjVOr-7YiHwk_bedLi-l1O9u_QQm9jG2koDBrSCEJ5zJMIsmsZrJkFE3GoKWYBc6SsnUaLaBFkUkZUEBSs88XA_s4YA:1lkJ4X:BiB1HwWXcGiardKY-lNSfpc1xNqJljGGqlXccCELf44", "expire_date": "2021-06-05T04:17:09.089Z"}}, {"model": "sessions.session", "pk": "m2t1b3cqxmrloyfpg0lt1jvu12f8fw1q", "fields": {"session_data": ".eJxVjMEOwiAQRP-FsyFloYX16L3fQBZYpGpoUtqT8d9tkx70NMm8N_MWnra1-K3x4qckrgLE5bcLFJ9cD5AeVO-zjHNdlynIQ5EnbXKcE79up_t3UKiVfa2tNsiuIxVzlx0oAqNBWWTNjAywh3KIbEJKCp2Lg42mzwkc9iEP4vMFzKg3kw:1lq9os:CqUs5_rfVcnv8U2u6DAOn1zI-ZUca5cowXn5IaQWyH0", "expire_date": "2021-06-21T07:37:10.970Z"}}, {"model": "sessions.session", "pk": "mvgfxpt1e4htgs0koqylbp8fyju4ykls", "fields": {"session_data": ".eJxVjEsOwiAUAO_C2hBeoXxcuu8ZCO8BUjWQlHZlvLsh6UK3M5N5Mx-Ovfijp82vkV0ZsMsvw0DPVIeIj1DvjVOr-7YiHwk_bedLi-l1O9u_QQm9jG2koDBrSCEJ5zJMIsmsZrJkFE3GoKWYBc6SsnUaLaBFkUkZUEBSs88XA_s4YA:1lq97W:mG1NW3hk_w6brbpJCymcTh5Qm5QkQOK36BtBz0XhURc", "expire_date": "2021-06-21T06:52:22.664Z"}}, {"model": "sessions.session", "pk": "nc5plq7z5cwfqklwt606uubwabo2iee1", "fields": {"session_data": ".eJxVjEsOwiAUAO_C2hBeoXxcuu8ZCO8BUjWQlHZlvLsh6UK3M5N5Mx-Ovfijp82vkV0ZsMsvw0DPVIeIj1DvjVOr-7YiHwk_bedLi-l1O9u_QQm9jG2koDBrSCEJ5zJMIsmsZrJkFE3GoKWYBc6SsnUaLaBFkUkZUEBSs88XA_s4YA:1lmZYf:sqYSD5dEmOZTpyiRe8XLEqmJdTMwesZjK_MxxPrOukw", "expire_date": "2021-06-11T10:17:37.328Z"}}, {"model": "sessions.session", "pk": "npe59cxvp83t8rlo2t529y3v131zbt57", "fields": {"session_data": ".eJxVjEsOwiAUAO_C2hBeoXxcuu8ZCO8BUjWQlHZlvLsh6UK3M5N5Mx-Ovfijp82vkV0ZsMsvw0DPVIeIj1DvjVOr-7YiHwk_bedLi-l1O9u_QQm9jG2koDBrSCEJ5zJMIsmsZrJkFE3GoKWYBc6SsnUaLaBFkUkZUEBSs88XA_s4YA:1lo0Z7:gcibXK7NXzTOzuZCrKhrv_Re5c3lr2UtpSI0kgz-Lnk", "expire_date": "2021-06-15T09:20:01.845Z"}}, {"model": "sessions.session", "pk": "rynx0npxzz5dutqhi911jsu9fp78dtv7", "fields": {"session_data": ".eJxVjEEOwiAQRe_C2pChiFCX7j0DmWEGqRpISrsy3l2bdKHb_977LxVxXUpcu8xxYnVWVh1-N8L0kLoBvmO9NZ1aXeaJ9KbonXZ9bSzPy-7-HRTs5VsjgDOOWFjAj4DJeBzAWDH5RNlL8NaNZjgG75HQUuAR0oCZTLIMltX7A-PLOBM:1lk4n9:eQIluYYdWpuA-6BQIwQ6VlrtlrrBg3JjBi_4e13dpzU", "expire_date": "2021-06-04T13:02:15.037Z"}}, {"model": "sessions.session", "pk": "t9v9it4f2s2dejzqbs9prp2plo9e8diy", "fields": {"session_data": ".eJxVjEsOwiAUAO_C2hBeoXxcuu8ZCO8BUjWQlHZlvLsh6UK3M5N5Mx-Ovfijp82vkV0ZsMsvw0DPVIeIj1DvjVOr-7YiHwk_bedLi-l1O9u_QQm9jG2koDBrSCEJ5zJMIsmsZrJkFE3GoKWYBc6SsnUaLaBFkUkZUEBSs88XA_s4YA:1ll9aE:3SwJEeJsCG83w2gOkknYZ1AWcGSCcFHJq6Xcdf-Ozlk", "expire_date": "2021-06-07T12:21:22.049Z"}}, {"model": "sessions.session", "pk": "v99t4gr1qp47br33e15ryekwg8t0dt58", "fields": {"session_data": ".eJxVjEEOwiAQRe_C2pChiFCX7j0DmWEGqRpISrsy3l2bdKHb_977LxVxXUpcu8xxYnVWVh1-N8L0kLoBvmO9NZ1aXeaJ9KbonXZ9bSzPy-7-HRTs5VsjgDOOWFjAj4DJeBzAWDH5RNlL8NaNZjgG75HQUuAR0oCZTLIMltX7A-PLOBM:1ljLfw:2ySBIDIPg9A695_o_M914phdHOPtlYJtpV6-Ba-GUwo", "expire_date": "2021-06-02T12:51:48.213Z"}}, {"model": "sessions.session", "pk": "zsml0tw5wviti01gw7rj9xs9ca2lfbn9", "fields": {"session_data": ".eJxVjEEOwiAQRe_C2pChiFCX7j0DmWEGqRpISrsy3l2bdKHb_977LxVxXUpcu8xxYnVWVh1-N8L0kLoBvmO9NZ1aXeaJ9KbonXZ9bSzPy-7-HRTs5VsjgDOOWFjAj4DJeBzAWDH5RNlL8NaNZjgG75HQUuAR0oCZTLIMltX7A-PLOBM:1lt22e:COWs0DOTCsOxSP7drUnrZ98YtcD3k0FlD77IZ-TZmHs", "expire_date": "2021-06-29T05:55:16.963Z"}}, {"model": "Accounts.account", "pk": 1, "fields": {"password": "pbkdf2_sha256$216000$uxQbGNFjSbC2$dNAoneSF+CwIPrPfKZgPXTjHOk6RmIIoTpmHuDOZr8c=", "last_login": "2021-06-15T05:52:09.192Z", "email": "admin@gmail.com", "date_of_birth": null, "full_name": "admin", "image": "user/R-11847933-1523668428-8806.jpeg.jpg", "address": "admin", "gender": "Male", "contact_no": "9852675326", "is_active": true, "is_admin": true, "is_faculty": false, "is_first_login": false, "is_student": false, "is_teacher": false}}, {"model": "Accounts.account", "pk": 2, "fields": {"password": "pbkdf2_sha256$216000$M8Fmw4B86lwn$mrDWIslM2M2aMXA0RctA3VPbMHvRl5op3lMjdo3RRxA=", "last_login": "2021-06-15T05:54:37.635Z", "email": "niteshtuladhar10@gmail.com", "date_of_birth": "2021-04-25", "full_name": "Nitesh Tuladhar", "image": "", "address": "Bijeshwori, Kathmandu, Nepal", "gender": "Male", "contact_no": "9880815453", "is_active": true, "is_admin": false, "is_faculty": false, "is_first_login": false, "is_student": false, "is_teacher": true}}, {"model": "Accounts.account", "pk": 3, "fields": {"password": "pbkdf2_sha256$216000$u0Q2BUR6c3ZD$+eXp55/X2Ck41J1qJ2lCkc4dQSx5toc7RLadu6Bhtsg=", "last_login": "2021-06-15T05:55:16.876Z", "email": "sushek69@gmail.com", "date_of_birth": "2021-05-01", "full_name": "Sushek Tamrakar", "image": "user/counter-strike-global-offensive-black-white-wallpaper-3000x2000-54728_42_xAd9MIp.jpg", "address": "Balaju, Swirkhutte", "gender": "Male", "contact_no": "2146437350", "is_active": true, "is_admin": false, "is_faculty": false, "is_first_login": false, "is_student": true, "is_teacher": false}}, {"model": "Accounts.account", "pk": 5, "fields": {"password": "pbkdf2_sha256$216000$v3uXhUvAuE5V$teh/Phk2ca159TPdaZFTJpT9emk0WpfepEUBeoN9xAI=", "last_login": null, "email": "niteshtuladhar@pandamotions.com", "date_of_birth": "2021-05-21", "full_name": "john evans", "image": "", "address": "Usa", "gender": "Male", "contact_no": "2146437350", "is_active": true, "is_admin": false, "is_faculty": false, "is_first_login": true, "is_student": true, "is_teacher": false}}, {"model": "Accounts.account", "pk": 6, "fields": {"password": "pbkdf2_sha256$216000$pdsjgLrVoz7U$rB5qJ+XavU0bGaQuq5XyCCPHBXWSMg0cGc8TPrsdF2s=", "last_login": null, "email": "niteshtuladhar@panddfgamotions.com", "date_of_birth": "2021-05-21", "full_name": "john evans", "image": "", "address": "Usa", "gender": "Male", "contact_no": "2146437350", "is_active": true, "is_admin": false, "is_faculty": false, "is_first_login": true, "is_student": true, "is_teacher": false}}, {"model": "Accounts.account", "pk": 7, "fields": {"password": "pbkdf2_sha256$216000$oEy5oEvufwkb$VGqAQb99J433DewbtOT3s1YiOLtLbHpujgbe1tgEugA=", "last_login": null, "email": "niteshtuladhar@padsfgnddfgamotions.com", "date_of_birth": "2021-05-21", "full_name": "john evans", "image": "", "address": "Usa", "gender": "Male", "contact_no": "2146437350", "is_active": true, "is_admin": false, "is_faculty": false, "is_first_login": true, "is_student": true, "is_teacher": false}}, {"model": "Accounts.account", "pk": 8, "fields": {"password": "pbkdf2_sha256$216000$ITaUOdDAGGy8$hQmjgI01dROVkRxTdEs1oU6USO705+r+FFpwtvXt9wQ=", "last_login": null, "email": "admigsfdgn@gmail.com", "date_of_birth": "2021-05-21", "full_name": "john evans", "image": "", "address": "Usa", "gender": "Male", "contact_no": "2146437350", "is_active": true, "is_admin": false, "is_faculty": false, "is_first_login": true, "is_student": true, "is_teacher": false}}, {"model": "Accounts.account", "pk": 9, "fields": {"password": "pbkdf2_sha256$216000$Nnq7OaO8LxDv$zsnrxz1BlI+ZRs1Pu+IBVskmW8wVH/R2Nx8khPdgERM=", "last_login": null, "email": "admigsdfsfdgn@gmail.com", "date_of_birth": "2021-05-21", "full_name": "john evans", "image": "", "address": "Usa", "gender": "Male", "contact_no": "2146437350", "is_active": true, "is_admin": false, "is_faculty": false, "is_first_login": true, "is_student": false, "is_teacher": true}}, {"model": "Accounts.account", "pk": 10, "fields": {"password": "pbkdf2_sha256$216000$EGYld2a0gEhJ$NsMQQPCFFqjJUo2rnMXrZfEn/oyEenPilDpC0Wp5ZYs=", "last_login": null, "email": "teacher@gmail.com", "date_of_birth": "2021-05-30", "full_name": "john evans", "image": "", "address": "Usa", "gender": "Male", "contact_no": "2146437350", "is_active": true, "is_admin": false, "is_faculty": false, "is_first_login": true, "is_student": false, "is_teacher": true}}, {"model": "Accounts.account", "pk": 11, "fields": {"password": "pbkdf2_sha256$216000$adV6HMkK3jnr$d6Yr8qZUzihomkt50ppcmH0vbGLaobl9gfPJj0j055A=", "last_login": null, "email": "teacsdher@gmail.com", "date_of_birth": "2021-05-30", "full_name": "john evans", "image": "", "address": "Usa", "gender": "Male", "contact_no": "2146437350", "is_active": true, "is_admin": false, "is_faculty": false, "is_first_login": true, "is_student": true, "is_teacher": false}}, {"model": "Accounts.account", "pk": 12, "fields": {"password": "pbkdf2_sha256$216000$hwDa2ohoJxMu$mORFoesVw/Q70/CNQ7m935bXO5P5Z3xCuQ0F3fov38s=", "last_login": null, "email": "tefsdgsdfacsdher@gmail.com", "date_of_birth": "2021-05-30", "full_name": "john evans", "image": "", "address": "Usa", "gender": "Male", "contact_no": "2146437350", "is_active": true, "is_admin": false, "is_faculty": false, "is_first_login": true, "is_student": false, "is_teacher": true}}, {"model": "Accounts.account", "pk": 13, "fields": {"password": "pbkdf2_sha256$216000$Kv9iYjJhmDj3$TJ91DMH1G2YKdbqqneOjeE867fV4BJ8Spanuo0ZCcEU=", "last_login": null, "email": "niteshdsfatuladhar10@gmail.com", "date_of_birth": "2021-06-01", "full_name": "john evans", "image": "", "address": "Usa", "gender": "Male", "contact_no": "2146437350", "is_active": true, "is_admin": false, "is_faculty": false, "is_first_login": true, "is_student": false, "is_teacher": true}}, {"model": "student.group", "pk": 1, "fields": {"group_name": "A"}}, {"model": "student.group", "pk": 2, "fields": {"group_name": "B"}}, {"model": "student.student", "pk": 1, "fields": {"user": 3, "fathers_name": "Surendra Tamrakar", "mothers_name": "Sharmila Tamrakar", "roll_no": 45, "batch": 1, "group": 2}}, {"model": "student.batch", "pk": 1, "fields": {"batch_year": 2073, "faculty": 1, "group": [1, 2]}}, {"model": "student.batch", "pk": 2, "fields": {"batch_year": 2074, "faculty": 2, "group": [1, 2]}}, {"model": "student.faculty", "pk": 1, "fields": {"faculty_name": "CSIT"}}, {"model": "student.faculty", "pk": 2, "fields": {"faculty_name": "CCA"}}, {"model": "student.course", "pk": 1, "fields": {"course_no": "CSC 500", "course_name": "Machine Learning", "credit": 5, "faculty_id": 1, "teacher_id": 1, "session_id": 1}}, {"model": "student.course", "pk": 2, "fields": {"course_no": "CSC 555", "course_name": "Managements", "credit": 5, "faculty_id": 2, "teacher_id": 1, "session_id": 2}}, {"model": "student.session", "pk": 1, "fields": {"session_id": 5552, "semester": 1, "batch_of": 1, "active": "Active"}}, {"model": "student.session", "pk": 2, "fields": {"session_id": 3432, "semester": 1, "batch_of": 2, "active": "Active"}}, {"model": "student.coursecolor", "pk": 1, "fields": {"course": 1, "color_code": "RED"}}, {"model": "student.coursecolor", "pk": 2, "fields": {"course": 2, "color_code": "Green"}}, {"model": "teacher.teacher", "pk": 1, "fields": {"user": 2, "experience": 6, "teacher_id": "4258"}}, {"model": "teacher.teacher", "pk": 2, "fields": {"user": 9, "experience": 23, "teacher_id": "4258"}}, {"model": "teacher.teacher", "pk": 3, "fields": {"user": 13, "experience": 5, "teacher_id": "ey6574"}}, {"model": "attendance.attendance", "pk": 1, "fields": {"date": "2021-05-19", "course_of": 1, "student_id": 1, "teacher_id": 1, "status": true, "session_id": 1}}, {"model": "attendance.lab_attendance", "pk": 1, "fields": {"date": "2021-05-19", "course_of": 1, "student_id": 1, "teacher_id": 1, "status": true, "session_id": 1}}, {"model": "assignments.assignmenttopview", "pk": 1, "fields": {"question": "what is machine learning", "description": "", "date": "2021-05-19", "teacher_id": 1, "deadline": "2021-05-21", "course_id": 1, "session_id": 1}}, {"model": "assignments.assignment", "pk": 1, "fields": {"assignment_name": 1, "student_id": 1, "assignment_file": "subitted_assignments/cms.csv", "submitted_on": "2021-05-19", "submitted": "Submitted"}}, {"model": "assignments.labassignmenttopview", "pk": 1, "fields": {"question": "Build a robot.", "description": null, "date": "2021-05-19", "teacher_id": 1, "deadline": "2021-05-20", "course_id": 1, "session_id": 1, "group": 1}}, {"model": "assignments.labassignmenttopview", "pk": 2, "fields": {"question": "build a robot", "description": null, "date": "2021-05-19", "teacher_id": 1, "deadline": "2021-05-20", "course_id": 1, "session_id": 1, "group": 2}}, {"model": "assignments.labassignment", "pk": 1, "fields": {"assignment_name": 2, "student_id": 1, "lab_assignment_file": "subitted_lab_assignments/cms.csv", "submitted_on": "2021-05-19", "submitted": "Submitted"}}, {"model": "assessment.assessmenttopview", "pk": 1, "fields": {"assessment_type": "Class Test", "course_name": 1, "teacher_name": 1, "session": 1, "start_date": null, "end_date": null}}, {"model": "assessment.assessmenttopview", "pk": 2, "fields": {"assessment_type": "Class Test", "course_name": 1, "teacher_name": 1, "session": 1, "start_date": null, "end_date": null}}, {"model": "assessment.assesment", "pk": 1, "fields": {"assesment_name": 1, "student_name": 1, "marks": 19}}, {"model": "assessment.assesment", "pk": 2, "fields": {"assesment_name": 2, "student_name": 1, "marks": 0}}, {"model": "InternalMarksPrediction.internalmaks", "pk": 1, "fields": {"student": 1, "course": 1, "lab_assignment_marks": 5.0, "assignment_marks": 10.0, "attendance_marks": 1.5, "lab_attendance_marks": 1.5, "assesment_marks": 0.0, "total_internal_marks": 0.0}}, {"model": "InternalMarksPrediction.weeklyinternalmaks", "pk": 1, "fields": {"student": 1, "course": 1, "daily_internal_marks": 8.547826086956523, "date_created": "2021-05-19", "week_created": 1}}, {"model": "InternalMarksPrediction.weeklyinternalmaks", "pk": 2, "fields": {"student": 1, "course": 1, "daily_internal_marks": 10.0, "date_created": "2021-05-19", "week_created": 2}}, {"model": "InternalMarksPrediction.weeklyinternalmaks", "pk": 3, "fields": {"student": 1, "course": 1, "daily_internal_marks": 15.0, "date_created": "2021-05-19", "week_created": 3}}, {"model": "InternalMarksPrediction.weeklyinternalmaks", "pk": 4, "fields": {"student": 1, "course": 1, "daily_internal_marks": 5.0, "date_created": "2021-05-19", "week_created": 4}}, {"model": "InternalMarksPrediction.weeklyinternalmaks", "pk": 5, "fields": {"student": 1, "course": 1, "daily_internal_marks": 7.5978260869565215, "date_created": "2021-05-21", "week_created": 20}}, {"model": "InternalMarksPrediction.totalmarks", "pk": 1, "fields": {"user": 1, "total_assignment_marks": 100, "total_lab_assignment_marks": 100, "total_attendance_marks": 100, "total_lab_attendance_marks": 100, "total_class_assesment_marks": 100, "total_mid_assessment_marks": 100, "total_final_assessment_marks": 100}}, {"model": "mail.contactus", "pk": 2, "fields": {"user": 1, "subject": "Application for a leave", "text": "Dear Respected Sir,\r\n\r\nI would like to request you to give me a week leave as i am not feeling well. \r\n\r\nThnak you", "checked": true, "date": "2021-05-21T10:08:47.673Z", "reply": "yes received"}}, {"model": "mail.contactus", "pk": 3, "fields": {"user": 1, "subject": "this is the second msh", "text": "this is second msgh", "checked": true, "date": "2021-05-22T13:51:18.170Z", "reply": "this is the reply for second msg"}}, {"model": "mail.contactus", "pk": 6, "fields": {"user": 1, "subject": "Sport's Week Organization", "text": "Hello sir, \r\n\r\nWe would like to request you to give us the permission for the organization of the annual futsal tournament that is going to be held in the college premises from May 25th to 28th, 2021.\r\n\r\nThank you.", "checked": true, "date": "2021-05-23T14:14:23.478Z", "reply": "Sure your request has beenn approved "}}, {"model": "mail.contactus", "pk": 7, "fields": {"user": 1, "subject": "Test", "text": "hj", "checked": true, "date": "2021-05-24T12:21:00.618Z", "reply": null}}, {"model": "payments.paymentinfo", "pk": 3, "fields": {"semester": 1, "payment_name": "T.U Registration Form", "amount": "500.000", "date_created": "2021-05-23T14:19:48.984Z"}}, {"model": "payments.paymentinfo", "pk": 4, "fields": {"semester": 1, "payment_name": "Books and copy", "amount": "100.000", "date_created": "2021-06-07T06:44:49.708Z"}}, {"model": "payments.payment", "pk": 3, "fields": {"payment_of": 3, "student": 1, "payment_id": "1621779625.57876", "transaction_id": "oDUH4SWcVobPvHh", "payment_amount": "500.000", "full_payment": true, "payment_due": "0.000", "paid_date": "2021-05-23T14:19:49.131Z"}}, {"model": "payments.payment", "pk": 4, "fields": {"payment_of": 4, "student": 1, "payment_id": "1623048813.905784", "transaction_id": "yvDldrzQSEnXb6Y", "payment_amount": "100.000", "full_payment": true, "payment_due": "0.000", "paid_date": "2021-06-07T06:44:49.898Z"}}, {"model": "collegecalendar.event", "pk": 1, "fields": {"user": 1, "title": "Orientation for 1st Semester CSIT", "description": "This is to remind you that you have an orienttation to attend.", "start_time": "2021-05-25T18:57:00Z", "end_time": "2021-05-25T18:57:00Z", "created_date": "2021-05-19T13:12:35.604Z"}}, {"model": "collegecalendar.event", "pk": 2, "fields": {"user": 1, "title": "This is a seminar for CCA faculry", "description": "dsfgsdfgsdfg", "start_time": "2021-05-26T19:00:00Z", "end_time": "2021-05-26T19:00:00Z", "created_date": "2021-05-19T13:15:25.452Z"}}, {"model": "collegecalendar.event", "pk": 3, "fields": {"user": 1, "title": "Smart Phones", "description": "sdf", "start_time": "2021-05-22T16:18:00Z", "end_time": "2021-05-23T16:18:00Z", "created_date": "2021-05-21T10:33:07.694Z"}}, {"model": "collegecalendar.event", "pk": 4, "fields": {"user": 1, "title": "hello", "description": "sadfs", "start_time": "2021-06-08T00:00:00Z", "end_time": "2021-06-09T00:00:00Z", "created_date": "2021-06-07T07:10:21.402Z"}}, {"model": "collegecalendar.event", "pk": 5, "fields": {"user": 1, "title": "Chess competitions", "description": "gfshfgh", "start_time": "2021-06-12T00:00:00Z", "end_time": "2021-06-13T00:00:00Z", "created_date": "2021-06-07T07:10:48.607Z"}}, {"model": "collegecalendar.eventmember", "pk": 1, "fields": {"event": 1, "session": 1}}, {"model": "collegecalendar.eventmember", "pk": 2, "fields": {"event": 2, "session": 2}}, {"model": "collegecalendar.eventmember", "pk": 4, "fields": {"event": 5, "session": 2}}, {"model": "notices.noticeboard", "pk": 1, "fields": {"notice_annoucer": 1, "notice_title": "T.U Registration Postponed", "notice_description": "This is to inform you that your registration data has been postponed until further notice.", "notice_date": "2021-05-19T13:38:58.238Z", "semester": 1, "type": "Notice"}}, {"model": "notices.noticeboard", "pk": 2, "fields": {"notice_annoucer": 1, "notice_title": "Poerty Competition", "notice_description": "This is an annoucement", "notice_date": "2021-05-22T04:22:48.980Z", "semester": 1, "type": "Announcement"}}]